{
    "providers": {
        "awscloudformation": {
            "AuthRoleName": "amplify-intervwd-dev-8f4c0-authRole",
            "UnauthRoleArn": "arn:aws:iam::231427841372:role/amplify-intervwd-dev-8f4c0-unauthRole",
            "AuthRoleArn": "arn:aws:iam::231427841372:role/amplify-intervwd-dev-8f4c0-authRole",
            "Region": "us-east-1",
            "DeploymentBucketName": "amplify-intervwd-dev-8f4c0-deployment",
            "UnauthRoleName": "amplify-intervwd-dev-8f4c0-unauthRole",
            "StackName": "amplify-intervwd-dev-8f4c0",
            "StackId": "arn:aws:cloudformation:us-east-1:231427841372:stack/amplify-intervwd-dev-8f4c0/8a88da50-a51b-11f0-ab59-0afffc47a04b",
            "AmplifyAppId": "d3a00h8l1sz0k5"
        }
    },
    "api": {
        "Intervwd-JobSeekers": {
            "service": "AppSync",
            "output": {
                "authConfig": {
                    "defaultAuthentication": {
                        "authenticationType": "API_KEY"
                    },
                    "additionalAuthenticationProviders": [
                        {
                            "authenticationType": "AMAZON_COGNITO_USER_POOLS",
                            "userPoolConfig": {
                                "userPoolId": "us-east-1_LB4Jrp023",
                                "awsRegion": "us-east-1",
                                "appIdClientRegex": null
                            }
                        }
                    ]
                },
                "GraphQLAPIIdOutput": "hm3n3kdjxrejzfjz5fsb6adrye",
                "GraphQLAPIEndpointOutput": "https://omnnsbvxdfavlhynrjql3ouhea.appsync-api.us-east-1.amazonaws.com/graphql",
                "name": "Intervwd-JobSeekers",
                "region": "us-east-1",
                "GraphQLAPIKeyOutput": "da2-l4f6l2atk5hvzc2yfugeeta2z4"
            },
            "lastPushTimeStamp": "2025-10-09T14:52:13.881Z"
        }
    }
}